"","County","State","GEOID","State.Code","Region","Division","giniE","HUEST","rentBurdenPerc","ownBurdenPerc"
"1","Baldwin County","Alabama","01003","AL","South","East South Central",0.46,119412,49.94,26.05
"2","Calhoun County","Alabama","01015","AL","South","East South Central",0.46,53796,46.95,23.44
"3","Cullman County","Alabama","01043","AL","South","East South Central",0.4,38252,33.5,24.52
"4","Elmore County","Alabama","01051","AL","South","East South Central",0.45,34475,58.41,16.26
"5","Etowah County","Alabama","01055","AL","South","East South Central",0.5,47855,47.22,25.64
"6","Houston County","Alabama","01069","AL","South","East South Central",0.49,48134,47.15,21.6
"7","DeKalb County","Alabama","01049","AL","South","East South Central",0.45,31593,45.29,19.01
"8","Lauderdale County","Alabama","01077","AL","South","East South Central",0.45,45611,43.74,23.32
"9","Lee County","Alabama","01081","AL","South","East South Central",0.52,71225,49.75,25.03
"10","Limestone County","Alabama","01083","AL","South","East South Central",0.44,36526,42.95,16.06
"11","Jefferson County","Alabama","01073","AL","South","East South Central",0.5,309697,50.23,25.83
"12","Marshall County","Alabama","01095","AL","South","East South Central",0.45,40791,43.18,24.03
"13","Mobile County","Alabama","01097","AL","South","East South Central",0.46,185035,53.54,22.91
"14","Montgomery County","Alabama","01101","AL","South","East South Central",0.46,105317,43.52,22.64
"15","Morgan County","Alabama","01103","AL","South","East South Central",0.46,52398,36.66,22.05
"16","St. Clair County","Alabama","01115","AL","South","East South Central",0.39,37258,29.7,19.57
"17","Shelby County","Alabama","01117","AL","South","East South Central",0.45,89133,40.52,21.65
"18","Talladega County","Alabama","01121","AL","South","East South Central",0.46,38092,47.65,27.67
"19","Tuscaloosa County","Alabama","01125","AL","South","East South Central",0.48,92792,58.07,20.3
"20","Walker County","Alabama","01127","AL","South","East South Central",0.44,31352,53.51,21.48
"21","Madison County","Alabama","01089","AL","South","East South Central",0.45,166516,44.39,16.63
"22","Fairbanks North Star Borough","Alaska","02090","AK","West","Pacific",0.43,44305,50.79,29.97
"23","Anchorage Municipality","Alaska","02020","AK","West","Pacific",0.44,119276,44.68,25.95
"24","Matanuska-Susitna Borough","Alaska","02170","AK","West","Pacific",0.41,42120,55.47,29.83
"25","Pinal County","Arizona","04021","AZ","West","Mountain",0.41,181388,45.12,28.14
"26","Yuma County","Arizona","04027","AZ","West","Mountain",0.45,94641,46.26,29.01
"27","Cochise County","Arizona","04003","AZ","West","Mountain",0.44,61601,35.7,23.52
"28","Coconino County","Arizona","04005","AZ","West","Mountain",0.48,67504,52.97,25.66
"29","Yavapai County","Arizona","04025","AZ","West","Mountain",0.44,120646,47.96,32.02
"30","Apache County","Arizona","04001","AZ","West","Mountain",0.51,33023,17.55,53.93
"31","Navajo County","Arizona","04017","AZ","West","Mountain",0.45,58502,37.75,31.27
"32","Pima County","Arizona","04019","AZ","West","Mountain",0.47,466299,49.66,25.17
"33","Maricopa County","Arizona","04013","AZ","West","Mountain",0.45,1789190,46.68,24.45
"34","Mohave County","Arizona","04015","AZ","West","Mountain",0.42,116207,45.67,28.84
"35","Benton County","Arkansas","05007","AR","South","West South Central",0.46,112183,38.63,18.55
"36","Craighead County","Arkansas","05031","AR","South","West South Central",0.48,46934,51.27,17.95
"37","Faulkner County","Arkansas","05045","AR","South","West South Central",0.48,50609,48.83,20.43
"38","Jefferson County","Arkansas","05069","AR","South","West South Central",0.47,33394,53.65,24.12
"39","Lonoke County","Arkansas","05085","AR","South","West South Central",0.41,30115,43.13,18.37
"40","Pulaski County","Arkansas","05119","AR","South","West South Central",0.5,186437,43.74,23.9
"41","Saline County","Arkansas","05125","AR","South","West South Central",0.39,49584,41.63,16.86
"42","Sebastian County","Arkansas","05131","AR","South","West South Central",0.46,57407,41.21,23.11
"43","Washington County","Arkansas","05143","AR","South","West South Central",0.47,96310,42.08,15.16
"44","White County","Arkansas","05145","AR","South","West South Central",0.46,34035,47.6,25.3
"45","Garland County","Arkansas","05051","AR","South","West South Central",0.47,51015,42.05,27.31
"46","El Dorado County","California","06017","CA","West","Pacific",0.48,91660,62.57,33.69
"47","Fresno County","California","06019","CA","West","Pacific",0.47,336473,55.42,33.78
"48","Alameda County","California","06001","CA","West","Pacific",0.46,622922,47.88,33.38
"49","Butte County","California","06007","CA","West","Pacific",0.52,86209,53.51,26.27
"50","Contra Costa County","California","06013","CA","West","Pacific",0.47,418707,51.48,35.45
"51","Napa County","California","06055","CA","West","Pacific",0.47,55647,49.84,37.41
"52","Nevada County","California","06057","CA","West","Pacific",0.47,54809,70.1,40.97
"53","Humboldt County","California","06023","CA","West","Pacific",0.51,63727,60.49,33.54
"54","Imperial County","California","06025","CA","West","Pacific",0.46,58280,51.93,33.86
"55","Kern County","California","06029","CA","West","Pacific",0.47,302898,57.64,35.67
"56","Kings County","California","06031","CA","West","Pacific",0.41,46965,49.03,28.94
"57","Lake County","California","06033","CA","West","Pacific",0.48,34572,46.07,40.36
"58","Los Angeles County","California","06037","CA","West","Pacific",0.49,3579329,56.49,42.72
"59","Madera County","California","06039","CA","West","Pacific",0.45,51438,50.75,28.85
"60","Marin County","California","06041","CA","West","Pacific",0.53,113344,54.83,39.61
"61","Mendocino County","California","06045","CA","West","Pacific",0.46,41027,53.24,43.34
"62","Merced County","California","06047","CA","West","Pacific",0.44,86388,43.33,28.33
"63","Monterey County","California","06053","CA","West","Pacific",0.45,143201,55.77,40.93
"64","Santa Clara County","California","06085","CA","West","Pacific",0.47,686266,44.72,31.88
"65","Santa Cruz County","California","06087","CA","West","Pacific",0.48,107149,53.8,38.35
"66","Shasta County","California","06089","CA","West","Pacific",0.46,78618,43.11,33.57
"67","Solano County","California","06095","CA","West","Pacific",0.41,159806,51.27,33.14
"68","Sonoma County","California","06097","CA","West","Pacific",0.45,208305,53.62,38.91
"69","Stanislaus County","California","06099","CA","West","Pacific",0.42,182978,53.05,35.72
"70","Sutter County","California","06101","CA","West","Pacific",0.46,34583,57.51,24.22
"71","Tehama County","California","06103","CA","West","Pacific",0.46,27840,46.53,27.66
"72","Tulare County","California","06107","CA","West","Pacific",0.44,151603,48.42,31.62
"73","Ventura County","California","06111","CA","West","Pacific",0.44,291512,57.58,37.82
"74","Yolo County","California","06113","CA","West","Pacific",0.51,79263,51.82,28.52
"75","Yuba County","California","06115","CA","West","Pacific",0.45,29049,51.76,34.74
"76","San Mateo County","California","06081","CA","West","Pacific",0.49,280450,44.39,32.98
"77","Santa Barbara County","California","06083","CA","West","Pacific",0.5,159246,57.44,36.28
"78","Riverside County","California","06065","CA","West","Pacific",0.45,857148,56.28,37.37
"79","Sacramento County","California","06067","CA","West","Pacific",0.44,578937,54.42,32.44
"80","Orange County","California","06059","CA","West","Pacific",0.46,1118110,54.14,37.27
"81","Placer County","California","06061","CA","West","Pacific",0.44,168919,51.69,28.91
"82","San Francisco County","California","06075","CA","West","Pacific",0.5,406413,32.47,37.32
"83","San Joaquin County","California","06077","CA","West","Pacific",0.45,248636,52.66,34.5
"84","San Bernardino County","California","06071","CA","West","Pacific",0.43,731400,55.44,36.81
"85","San Diego County","California","06073","CA","West","Pacific",0.46,1233777,55.71,38.88
"86","San Luis Obispo County","California","06079","CA","West","Pacific",0.45,123963,55.78,40.85
"87","Boulder County","Colorado","08013","CO","West","Mountain",0.5,140551,55.02,27.05
"88","Broomfield County","Colorado","08014","CO","West","Mountain",0.41,29675,36.43,20.55
"89","Adams County","Colorado","08001","CO","West","Mountain",0.4,178519,53.37,30.93
"90","Arapahoe County","Colorado","08005","CO","West","Mountain",0.44,257325,50.02,28.48
"91","El Paso County","Colorado","08041","CO","West","Mountain",0.43,280718,51.12,28.21
"92","Jefferson County","Colorado","08059","CO","West","Mountain",0.43,245087,49.49,23.36
"93","Denver County","Colorado","08031","CO","West","Mountain",0.48,338341,46.39,29.1
"94","Douglas County","Colorado","08035","CO","West","Mountain",0.4,132251,51.75,23.61
"95","Pueblo County","Colorado","08101","CO","West","Mountain",0.45,71906,54.74,25.63
"96","Weld County","Colorado","08123","CO","West","Mountain",0.41,115897,52.38,27.36
"97","Larimer County","Colorado","08069","CO","West","Mountain",0.45,154429,54.04,30.6
"98","Mesa County","Colorado","08077","CO","West","Mountain",0.44,68124,51.02,26.59
"99","Middlesex County","Connecticut","09007","CT","Northeast","New England",0.45,76649,52.7,36.13
"100","New Haven County","Connecticut","09009","CT","Northeast","New England",0.48,368670,52.93,29.77
"101","Fairfield County","Connecticut","09001","CT","Northeast","New England",0.54,375360,49.13,34.87
"102","Hartford County","Connecticut","09003","CT","Northeast","New England",0.48,381401,47.34,27.7
"103","Litchfield County","Connecticut","09005","CT","Northeast","New England",0.46,88428,46.92,31.71
"104","New London County","Connecticut","09011","CT","Northeast","New England",0.44,124233,45.81,27.78
"105","Tolland County","Connecticut","09013","CT","Northeast","New England",0.46,60285,38.77,25.58
"106","Windham County","Connecticut","09015","CT","Northeast","New England",0.45,49966,48.65,30.95
"107","Kent County","Delaware","10001","DE","South","South Atlantic",0.42,74462,61.89,26.24
"108","New Castle County","Delaware","10003","DE","South","South Atlantic",0.45,225245,44.81,24.14
"109","Sussex County","Delaware","10005","DE","South","South Atlantic",0.46,144074,52.33,26.69
"110","District of Columbia","District of Columbia","11001","DC","South","South Atlantic",0.51,322793,42.73,25.3
"111","Collier County","Florida","12021","FL","South","South Atlantic",0.54,222284,56.54,31.73
"112","Charlotte County","Florida","12015","FL","South","South Atlantic",0.46,107124,58.61,33.62
"113","Citrus County","Florida","12017","FL","South","South Atlantic",0.45,80895,54.08,36.44
"114","Clay County","Florida","12019","FL","South","South Atlantic",0.39,82617,48.61,17.98
"115","Indian River County","Florida","12061","FL","South","South Atlantic",0.5,82252,55.02,31.07
"116","Lake County","Florida","12069","FL","South","South Atlantic",0.42,163586,59.67,27.43
"117","Lee County","Florida","12071","FL","South","South Atlantic",0.47,408561,55.59,30.13
"118","Leon County","Florida","12073","FL","South","South Atlantic",0.49,132789,56.2,25.48
"119","Manatee County","Florida","12081","FL","South","South Atlantic",0.47,198819,56,30.49
"120","Marion County","Florida","12083","FL","South","South Atlantic",0.44,173190,49.03,26.31
"121","Columbia County","Florida","12023","FL","South","South Atlantic",0.45,29300,47.96,27.81
"122","Duval County","Florida","12031","FL","South","South Atlantic",0.47,418708,48.86,26.94
"123","Escambia County","Florida","12033","FL","South","South Atlantic",0.47,143228,44.02,28.96
"124","Flagler County","Florida","12035","FL","South","South Atlantic",0.44,53833,57.73,35.36
"125","Hernando County","Florida","12053","FL","South","South Atlantic",0.41,88708,55.24,29.05
"126","Highlands County","Florida","12055","FL","South","South Atlantic",0.46,56107,49.04,25.63
"127","Hillsborough County","Florida","12057","FL","South","South Atlantic",0.47,599456,51.71,29.34
"128","Palm Beach County","Florida","12099","FL","South","South Atlantic",0.51,693140,58.64,35.42
"129","Pasco County","Florida","12101","FL","South","South Atlantic",0.44,250658,54.44,29.66
"130","Pinellas County","Florida","12103","FL","South","South Atlantic",0.48,511756,53,29.7
"131","Polk County","Florida","12105","FL","South","South Atlantic",0.45,304429,51.61,30.98
"132","Putnam County","Florida","12107","FL","South","South Atlantic",0.43,37611,43.52,22.16
"133","St. Johns County","Florida","12109","FL","South","South Atlantic",0.46,116385,51.8,25.8
"134","Martin County","Florida","12085","FL","South","South Atlantic",0.53,80784,48.22,31.76
"135","Miami-Dade County","Florida","12086","FL","South","South Atlantic",0.52,1040666,62.28,44.27
"136","Monroe County","Florida","12087","FL","South","South Atlantic",0.51,53892,58.09,51.01
"137","Nassau County","Florida","12089","FL","South","South Atlantic",0.41,41234,50.97,28.11
"138","Okaloosa County","Florida","12091","FL","South","South Atlantic",0.43,98619,52.96,25.61
"139","Orange County","Florida","12095","FL","South","South Atlantic",0.47,556896,54.61,31.69
"140","Osceola County","Florida","12097","FL","South","South Atlantic",0.43,162661,69.46,39.88
"141","Alachua County","Florida","12001","FL","South","South Atlantic",0.5,120226,57.55,23.38
"142","Bay County","Florida","12005","FL","South","South Atlantic",0.42,104768,45.06,33.69
"143","Brevard County","Florida","12009","FL","South","South Atlantic",0.44,282833,50.71,32.3
"144","Broward County","Florida","12011","FL","South","South Atlantic",0.49,828521,62.26,39.26
"145","Santa Rosa County","Florida","12113","FL","South","South Atlantic",0.45,74433,50.52,28.79
"146","Sarasota County","Florida","12115","FL","South","South Atlantic",0.47,249415,52.37,32.34
"147","Seminole County","Florida","12117","FL","South","South Atlantic",0.45,193936,50.8,25.34
"148","St. Lucie County","Florida","12111","FL","South","South Atlantic",0.42,146068,51.35,32.84
"149","Volusia County","Florida","12127","FL","South","South Atlantic",0.45,264113,54.23,33.32
"150","Walton County","Florida","12131","FL","South","South Atlantic",0.44,54801,62.58,36.46
"151","Sumter County","Florida","12119","FL","South","South Atlantic",0.46,74242,71.86,29.77
"152","Chatham County","Georgia","13051","GA","South","South Atlantic",0.49,127433,50.99,24.81
"153","Carroll County","Georgia","13045","GA","South","South Atlantic",0.4,46013,46.89,21.52
"154","Catoosa County","Georgia","13047","GA","South","South Atlantic",0.4,27735,37.8,22.7
"155","Dougherty County","Georgia","13095","GA","South","South Atlantic",0.51,40507,61.9,40.26
"156","Douglas County","Georgia","13097","GA","South","South Atlantic",0.42,53384,45.39,30.49
"157","Fayette County","Georgia","13113","GA","South","South Atlantic",0.44,43488,44.69,24.78
"158","Floyd County","Georgia","13115","GA","South","South Atlantic",0.47,40774,50.29,20.98
"159","Forsyth County","Georgia","13117","GA","South","South Atlantic",0.39,87537,46.38,17.93
"160","Fulton County","Georgia","13121","GA","South","South Atlantic",0.53,488670,46.68,22.12
"161","Cherokee County","Georgia","13057","GA","South","South Atlantic",0.4,97492,54.26,19.75
"162","Clarke County","Georgia","13059","GA","South","South Atlantic",0.54,53633,56.57,27.06
"163","Clayton County","Georgia","13063","GA","South","South Atlantic",0.39,106360,47.22,34.05
"164","Cobb County","Georgia","13067","GA","South","South Atlantic",0.45,304819,47.91,22.61
"165","Columbia County","Georgia","13073","GA","South","South Atlantic",0.4,59836,25.26,19.81
"166","Coweta County","Georgia","13077","GA","South","South Atlantic",0.41,56539,57.86,20.94
"167","DeKalb County","Georgia","13089","GA","South","South Atlantic",0.49,317646,56.71,26.51
"168","Muscogee County","Georgia","13215","GA","South","South Atlantic",0.52,85235,44.13,31.97
"169","Newton County","Georgia","13217","GA","South","South Atlantic",0.43,40262,51.93,26.21
"170","Paulding County","Georgia","13223","GA","South","South Atlantic",0.35,59634,36,23.06
"171","Richmond County","Georgia","13245","GA","South","South Atlantic",0.46,89459,56.88,28.13
"172","Rockdale County","Georgia","13247","GA","South","South Atlantic",0.43,34080,64.39,26.03
"173","Spalding County","Georgia","13255","GA","South","South Atlantic",0.46,27795,43.82,25.03
"174","Glynn County","Georgia","13127","GA","South","South Atlantic",0.48,44004,41.63,24.41
"175","Gwinnett County","Georgia","13135","GA","South","South Atlantic",0.42,316334,52.25,24.69
"176","Hall County","Georgia","13139","GA","South","South Atlantic",0.48,76167,42.11,24.09
"177","Henry County","Georgia","13151","GA","South","South Atlantic",0.39,84536,42.8,20.43
"178","Houston County","Georgia","13153","GA","South","South Atlantic",0.41,65050,42.02,21.98
"179","Jackson County","Georgia","13157","GA","South","South Atlantic",0.47,26778,53.29,27.88
"180","Lowndes County","Georgia","13185","GA","South","South Atlantic",0.46,49490,45.35,24.35
"181","Barrow County","Georgia","13013","GA","South","South Atlantic",0.38,29782,37.14,24.81
"182","Bartow County","Georgia","13015","GA","South","South Atlantic",0.45,42298,43.85,18.94
"183","Bibb County","Georgia","13021","GA","South","South Atlantic",0.52,70019,55.13,29.12
"184","Bulloch County","Georgia","13031","GA","South","South Atlantic",0.43,31851,41.04,25.27
"185","Walker County","Georgia","13295","GA","South","South Atlantic",0.42,30531,45.78,23.89
"186","Walton County","Georgia","13297","GA","South","South Atlantic",0.4,34799,45.42,18.85
"187","Whitfield County","Georgia","13313","GA","South","South Atlantic",0.46,40371,40.43,20.84
"188","Troup County","Georgia","13285","GA","South","South Atlantic",0.48,28732,55.35,28.08
"189","Honolulu County","Hawaii","15003","HI","West","Pacific",0.43,354677,54.73,40.64
"190","Kauai County","Hawaii","15007","HI","West","Pacific",0.42,31577,39.42,46.48
"191","Maui County","Hawaii","15009","HI","West","Pacific",0.43,74561,51.3,46.08
"192","Hawaii County","Hawaii","15001","HI","West","Pacific",0.46,89346,51.71,37.22
"193","Ada County","Idaho","16001","ID","West","Mountain",0.44,192630,47.37,22.54
"194","Kootenai County","Idaho","16055","ID","West","Mountain",0.39,74624,40.43,27.9
"195","Twin Falls County","Idaho","16083","ID","West","Mountain",0.44,34199,37.87,26.35
"196","Canyon County","Idaho","16027","ID","West","Mountain",0.4,80055,50.63,23.02
"197","Bonneville County","Idaho","16019","ID","West","Mountain",0.45,44564,52.43,20.62
"198","Bannock County","Idaho","16005","ID","West","Mountain",0.42,34852,43.48,19.11
"199","Kendall County","Illinois","17093","IL","Midwest","East North Central",0.33,42894,NA,24.54
"200","Lake County","Illinois","17097","IL","Midwest","East North Central",0.48,265507,45.23,25.43
"201","Kankakee County","Illinois","17091","IL","Midwest","East North Central",0.4,45747,52.75,22.79
"202","McHenry County","Illinois","17111","IL","Midwest","East North Central",0.4,119173,44.19,24.43
"203","McLean County","Illinois","17113","IL","Midwest","East North Central",0.48,72764,39.13,15.42
"204","Adams County","Illinois","17001","IL","Midwest","East North Central",0.41,30244,44.9,12.22
"205","Champaign County","Illinois","17019","IL","Midwest","East North Central",0.48,94690,49.34,21.88
"206","Cook County","Illinois","17031","IL","Midwest","East North Central",0.51,2204019,46.55,31.55
"207","DeKalb County","Illinois","17037","IL","Midwest","East North Central",0.44,41308,49.65,24.73
"208","DuPage County","Illinois","17043","IL","Midwest","East North Central",0.45,362182,45.12,25.58
"209","Kane County","Illinois","17089","IL","Midwest","East North Central",0.44,190970,47.52,24.65
"210","Vermilion County","Illinois","17183","IL","Midwest","East North Central",0.44,36100,34.57,25.92
"211","Will County","Illinois","17197","IL","Midwest","East North Central",0.4,246655,52.36,26.21
"212","Williamson County","Illinois","17199","IL","Midwest","East North Central",0.44,31570,36.52,15.6
"213","Winnebago County","Illinois","17201","IL","Midwest","East North Central",0.44,125708,44.55,20.17
"214","LaSalle County","Illinois","17099","IL","Midwest","East North Central",0.42,50176,38.34,22.75
"215","Peoria County","Illinois","17143","IL","Midwest","East North Central",0.5,83631,45.45,23.67
"216","Rock Island County","Illinois","17161","IL","Midwest","East North Central",0.42,66171,43.65,19.45
"217","Macon County","Illinois","17115","IL","Midwest","East North Central",0.48,50305,47.67,15.86
"218","Madison County","Illinois","17119","IL","Midwest","East North Central",0.45,120024,46.81,18.31
"219","Tazewell County","Illinois","17179","IL","Midwest","East North Central",0.4,58958,41.4,17.82
"220","St. Clair County","Illinois","17163","IL","Midwest","East North Central",0.46,121079,41.72,21.8
"221","Sangamon County","Illinois","17167","IL","Midwest","East North Central",0.45,92278,45.29,16.63
"222","Boone County","Indiana","18011","IN","Midwest","East North Central",0.55,27992,42.71,23.33
"223","Bartholomew County","Indiana","18005","IN","Midwest","East North Central",0.43,34687,40.87,12.54
"224","Vanderburgh County","Indiana","18163","IN","Midwest","East North Central",0.48,84629,40.95,20.45
"225","Vigo County","Indiana","18167","IN","Midwest","East North Central",0.49,47535,55.52,19.39
"226","Wayne County","Indiana","18177","IN","Midwest","East North Central",0.41,31523,37.57,17.97
"227","Allen County","Indiana","18003","IN","Midwest","East North Central",0.44,160687,39.66,16.87
"228","Lake County","Indiana","18089","IN","Midwest","East North Central",0.46,214685,44.79,20.25
"229","LaPorte County","Indiana","18091","IN","Midwest","East North Central",0.43,49315,51.69,17.04
"230","Madison County","Indiana","18095","IN","Midwest","East North Central",0.41,59164,39.22,13.29
"231","Marion County","Indiana","18097","IN","Midwest","East North Central",0.49,426024,51.23,22.76
"232","Monroe County","Indiana","18105","IN","Midwest","East North Central",0.48,62390,60.32,20.09
"233","Morgan County","Indiana","18109","IN","Midwest","East North Central",0.45,28650,52.92,15.25
"234","Porter County","Indiana","18127","IN","Midwest","East North Central",0.42,69853,44.35,19.2
"235","St. Joseph County","Indiana","18141","IN","Midwest","East North Central",0.48,117522,51.94,19.46
"236","Tippecanoe County","Indiana","18157","IN","Midwest","East North Central",0.48,78324,55.87,18.91
"237","Hamilton County","Indiana","18057","IN","Midwest","East North Central",0.44,132345,37.57,16.29
"238","Hancock County","Indiana","18059","IN","Midwest","East North Central",0.4,31171,36.51,26.21
"239","Hendricks County","Indiana","18063","IN","Midwest","East North Central",0.41,63952,34.84,15.42
"240","Howard County","Indiana","18067","IN","Midwest","East North Central",0.39,39847,35.79,17.2
"241","Johnson County","Indiana","18081","IN","Midwest","East North Central",0.42,62521,35.81,13.91
"242","Kosciusko County","Indiana","18085","IN","Midwest","East North Central",0.42,39085,44.76,17.49
"243","Elkhart County","Indiana","18039","IN","Midwest","East North Central",0.45,79756,49.55,25.64
"244","Floyd County","Indiana","18043","IN","Midwest","East North Central",0.43,33159,46.93,16.4
"245","Clark County","Indiana","18019","IN","Midwest","East North Central",0.42,51683,53.19,19.23
"246","Delaware County","Indiana","18035","IN","Midwest","East North Central",0.47,52713,52.95,17.61
"247","Grant County","Indiana","18053","IN","Midwest","East North Central",0.43,30527,38.73,18.45
"248","Dallas County","Iowa","19049","IA","Midwest","West North Central",0.41,38984,33.36,11.95
"249","Dubuque County","Iowa","19061","IA","Midwest","West North Central",0.44,41760,46.32,21.83
"250","Johnson County","Iowa","19103","IA","Midwest","West North Central",0.53,66257,58.36,19.52
"251","Scott County","Iowa","19163","IA","Midwest","West North Central",0.47,74929,43.27,18.22
"252","Black Hawk County","Iowa","19013","IA","Midwest","West North Central",0.47,58457,44.72,19.65
"253","Polk County","Iowa","19153","IA","Midwest","West North Central",0.43,207878,41.85,21.18
"254","Pottawattamie County","Iowa","19155","IA","Midwest","West North Central",0.42,40101,44.85,16.01
"255","Linn County","Iowa","19113","IA","Midwest","West North Central",0.43,98821,39.55,17.3
"256","Woodbury County","Iowa","19193","IA","Midwest","West North Central",0.41,42518,35.98,15.87
"257","Story County","Iowa","19169","IA","Midwest","West North Central",0.47,41317,49.46,17.7
"258","Shawnee County","Kansas","20177","KS","Midwest","West North Central",0.44,80227,42.54,16.41
"259","Wyandotte County","Kansas","20209","KS","Midwest","West North Central",0.42,68397,55.2,30.8
"260","Butler County","Kansas","20015","KS","Midwest","West North Central",0.44,27221,45.44,21.86
"261","Douglas County","Kansas","20045","KS","Midwest","West North Central",0.46,51778,40.71,16.3
"262","Johnson County","Kansas","20091","KS","Midwest","West North Central",0.43,248495,37.57,17.5
"263","Leavenworth County","Kansas","20103","KS","Midwest","West North Central",0.39,30242,38.56,17.44
"264","Riley County","Kansas","20161","KS","Midwest","West North Central",0.46,31409,51.47,25.62
"265","Sedgwick County","Kansas","20173","KS","Midwest","West North Central",0.45,222269,45.52,19.9
"266","Oldham County","Kentucky","21185","KY","South","East South Central",0.45,22491,NA,20.85
"267","Warren County","Kentucky","21227","KY","South","East South Central",0.48,55942,44.17,18.28
"268","Christian County","Kentucky","21047","KY","South","East South Central",0.47,29987,47.32,21.43
"269","Boone County","Kentucky","21015","KY","South","East South Central",0.41,50589,42.31,16.14
"270","Bullitt County","Kentucky","21029","KY","South","East South Central",0.38,32263,26.35,20.17
"271","Campbell County","Kentucky","21037","KY","South","East South Central",0.48,40857,48.75,19.14
"272","Jefferson County","Kentucky","21111","KY","South","East South Central",0.47,349321,43.16,22.28
"273","Daviess County","Kentucky","21059","KY","South","East South Central",0.48,43481,50.5,23.53
"274","Fayette County","Kentucky","21067","KY","South","East South Central",0.48,144094,47.66,19.81
"275","Hardin County","Kentucky","21093","KY","South","East South Central",0.41,47248,27.98,19.48
"276","Kenton County","Kentucky","21117","KY","South","East South Central",0.44,69894,39.23,11.74
"277","McCracken County","Kentucky","21145","KY","South","East South Central",0.51,32300,45.16,20.1
"278","Madison County","Kentucky","21151","KY","South","East South Central",0.49,37294,51.24,16.24
"279","Ascension Parish","Louisiana","22005","LA","South","West South Central",0.43,49462,49.71,12.94
"280","Rapides Parish","Louisiana","22079","LA","South","West South Central",0.47,58721,43.42,23.95
"281","St. Landry Parish","Louisiana","22097","LA","South","West South Central",0.47,37241,40.24,26.93
"282","Bossier Parish","Louisiana","22015","LA","South","West South Central",0.47,58307,54.49,28.88
"283","Caddo Parish","Louisiana","22017","LA","South","West South Central",0.54,113577,58.08,26.27
"284","Calcasieu Parish","Louisiana","22019","LA","South","West South Central",0.51,93183,47.69,23.41
"285","East Baton Rouge Parish","Louisiana","22033","LA","South","West South Central",0.51,196145,55.23,22.87
"286","Iberia Parish","Louisiana","22045","LA","South","West South Central",0.46,30819,51.37,27.48
"287","Jefferson Parish","Louisiana","22051","LA","South","West South Central",0.45,188656,47.97,26.52
"288","Lafayette Parish","Louisiana","22055","LA","South","West South Central",0.49,105058,43.39,22.9
"289","Lafourche Parish","Louisiana","22057","LA","South","West South Central",0.46,41920,42.83,23.4
"290","Livingston Parish","Louisiana","22063","LA","South","West South Central",0.42,58646,38.26,20.75
"291","Orleans Parish","Louisiana","22071","LA","South","West South Central",0.58,192237,56.69,37.03
"292","Ouachita Parish","Louisiana","22073","LA","South","West South Central",0.54,69471,62.23,21.09
"293","Terrebonne Parish","Louisiana","22109","LA","South","West South Central",0.51,45766,65.98,24
"294","St. Tammany Parish","Louisiana","22103","LA","South","West South Central",0.45,105699,54.36,26.11
"295","Tangipahoa Parish","Louisiana","22105","LA","South","West South Central",0.46,57547,58.26,21.35
"296","Androscoggin County","Maine","23001","ME","Northeast","New England",0.41,50310,34.71,22.3
"297","Aroostook County","Maine","23003","ME","Northeast","New England",0.45,40048,56.4,25.73
"298","Penobscot County","Maine","23019","ME","Northeast","New England",0.44,76352,43.49,21.25
"299","York County","Maine","23031","ME","Northeast","New England",0.41,112080,42.6,30.35
"300","Cumberland County","Maine","23005","ME","Northeast","New England",0.46,147039,43.86,23.04
"301","Kennebec County","Maine","23011","ME","Northeast","New England",0.45,63231,41.9,24.34
"302","Calvert County","Maryland","24009","MD","South","South Atlantic",0.38,35514,47.82,25.27
"303","Baltimore County","Maryland","24005","MD","South","South Atlantic",0.46,338291,47.92,26.58
"304","Baltimore city","Maryland","24510","MD","South","South Atlantic",0.51,293889,51.92,25.2
"305","Charles County","Maryland","24017","MD","South","South Atlantic",0.38,61838,41.51,30.29
"306","Frederick County","Maryland","24021","MD","South","South Atlantic",0.4,100803,43,23.21
"307","Harford County","Maryland","24025","MD","South","South Atlantic",0.41,101600,44.83,20.88
"308","Howard County","Maryland","24027","MD","South","South Atlantic",0.43,122593,46.35,23.07
"309","Montgomery County","Maryland","24031","MD","South","South Atlantic",0.46,391006,51.03,26.71
"310","Prince George's County","Maryland","24033","MD","South","South Atlantic",0.4,335752,53.47,32.59
"311","Allegany County","Maryland","24001","MD","South","South Atlantic",0.43,32737,56.35,19.59
"312","Anne Arundel County","Maryland","24003","MD","South","South Atlantic",0.42,227936,47.53,23.86
"313","Wicomico County","Maryland","24045","MD","South","South Atlantic",0.45,42531,54.72,19.82
"314","Carroll County","Maryland","24013","MD","South","South Atlantic",0.39,63974,45.34,23.45
"315","Cecil County","Maryland","24015","MD","South","South Atlantic",0.44,42745,58.56,24.88
"316","St. Mary's County","Maryland","24037","MD","South","South Atlantic",0.43,46807,39.47,22.96
"317","Washington County","Maryland","24043","MD","South","South Atlantic",0.44,61767,48.28,23.13
"318","Barnstable County","Massachusetts","25001","MA","Northeast","New England",0.44,164674,49.3,31.98
"319","Middlesex County","Massachusetts","25017","MA","Northeast","New England",0.46,645291,45.66,25.96
"320","Franklin County","Massachusetts","25011","MA","Northeast","New England",0.44,34207,55.92,31.72
"321","Hampden County","Massachusetts","25013","MA","Northeast","New England",0.48,193890,54.51,28.81
"322","Hampshire County","Massachusetts","25015","MA","Northeast","New England",0.43,64383,48.09,28.06
"323","Worcester County","Massachusetts","25027","MA","Northeast","New England",0.45,337882,45.9,26.13
"324","Norfolk County","Massachusetts","25021","MA","Northeast","New England",0.48,281778,49.42,28.22
"325","Plymouth County","Massachusetts","25023","MA","Northeast","New England",0.46,209542,50.21,33.41
"326","Suffolk County","Massachusetts","25025","MA","Northeast","New England",0.53,345414,49.15,31
"327","Bristol County","Massachusetts","25005","MA","Northeast","New England",0.46,236915,46.63,30.38
"328","Essex County","Massachusetts","25009","MA","Northeast","New England",0.48,314723,53.34,31.31
"329","Berkshire County","Massachusetts","25003","MA","Northeast","New England",0.46,69212,53.68,34.04
"330","Bay County","Michigan","26017","MI","Midwest","East North Central",0.43,48366,39.3,18.83
"331","Berrien County","Michigan","26021","MI","Midwest","East North Central",0.49,77891,48.67,25.61
"332","Allegan County","Michigan","26005","MI","Midwest","East North Central",0.4,51987,41.46,19.08
"333","Lenawee County","Michigan","26091","MI","Midwest","East North Central",0.42,43969,41.18,23.34
"334","Livingston County","Michigan","26093","MI","Midwest","East North Central",0.42,77728,42.89,21.45
"335","Calhoun County","Michigan","26025","MI","Midwest","East North Central",0.45,60906,45.43,25.52
"336","Clinton County","Michigan","26037","MI","Midwest","East North Central",0.42,32155,47.58,16.76
"337","Eaton County","Michigan","26045","MI","Midwest","East North Central",0.4,47801,29.59,18.12
"338","Genesee County","Michigan","26049","MI","Midwest","East North Central",0.46,192902,47.87,22.38
"339","Grand Traverse County","Michigan","26055","MI","Midwest","East North Central",0.46,45119,53.14,22.16
"340","Ingham County","Michigan","26065","MI","Midwest","East North Central",0.46,124349,50.01,21.89
"341","Isabella County","Michigan","26073","MI","Midwest","East North Central",0.49,29308,56.14,22.35
"342","Jackson County","Michigan","26075","MI","Midwest","East North Central",0.46,69807,53.01,17.13
"343","Kalamazoo County","Michigan","26077","MI","Midwest","East North Central",0.47,113089,44.41,16.76
"344","Kent County","Michigan","26081","MI","Midwest","East North Central",0.45,259375,47.99,17.5
"345","Lapeer County","Michigan","26087","MI","Midwest","East North Central",0.41,36971,45.9,22.36
"346","Washtenaw County","Michigan","26161","MI","Midwest","East North Central",0.48,152262,49.63,20.09
"347","Wayne County","Michigan","26163","MI","Midwest","East North Central",0.49,815510,53.06,24.89
"348","Midland County","Michigan","26111","MI","Midwest","East North Central",0.46,37211,42.8,17.36
"349","Monroe County","Michigan","26115","MI","Midwest","East North Central",0.44,65258,56.24,19.09
"350","Macomb County","Michigan","26099","MI","Midwest","East North Central",0.42,369479,49.82,24.06
"351","Marquette County","Michigan","26103","MI","Midwest","East North Central",0.4,34974,42.2,21.55
"352","Ottawa County","Michigan","26139","MI","Midwest","East North Central",0.42,111978,40.05,20.9
"353","Saginaw County","Michigan","26145","MI","Midwest","East North Central",0.49,88036,56.07,21.71
"354","Muskegon County","Michigan","26121","MI","Midwest","East North Central",0.45,74487,52.7,20.56
"355","Oakland County","Michigan","26125","MI","Midwest","East North Central",0.47,544669,42.46,21.54
"356","Van Buren County","Michigan","26159","MI","Midwest","East North Central",0.4,37554,49.2,19.75
"357","St. Clair County","Michigan","26147","MI","Midwest","East North Central",0.42,72584,48.75,22.09
"358","Shiawassee County","Michigan","26155","MI","Midwest","East North Central",0.41,30269,45.2,19.76
"359","Blue Earth County","Minnesota","27013","MN","Midwest","West North Central",0.43,29176,44.94,18.81
"360","Anoka County","Minnesota","27003","MN","Midwest","West North Central",0.39,134681,41.33,20.61
"361","Washington County","Minnesota","27163","MN","Midwest","West North Central",0.44,100996,55.52,18.21
"362","Wright County","Minnesota","27171","MN","Midwest","West North Central",0.37,53282,49.63,15.42
"363","Carver County","Minnesota","27019","MN","Midwest","West North Central",0.42,39750,40.43,16.73
"364","Crow Wing County","Minnesota","27035","MN","Midwest","West North Central",0.42,42644,46.3,24.34
"365","Dakota County","Minnesota","27037","MN","Midwest","West North Central",0.41,169967,46.09,19.81
"366","Hennepin County","Minnesota","27053","MN","Midwest","West North Central",0.47,543729,42.43,21.3
"367","Olmsted County","Minnesota","27109","MN","Midwest","West North Central",0.44,68153,43.58,18.12
"368","Ramsey County","Minnesota","27123","MN","Midwest","West North Central",0.45,221270,47.87,22.02
"369","Rice County","Minnesota","27131","MN","Midwest","West North Central",0.45,25280,52.61,22.55
"370","St. Louis County","Minnesota","27137","MN","Midwest","West North Central",0.44,105306,51.49,18.86
"371","Scott County","Minnesota","27139","MN","Midwest","West North Central",0.41,52722,42.2,17.01
"372","Sherburne County","Minnesota","27141","MN","Midwest","West North Central",0.39,34757,37.33,19.51
"373","Stearns County","Minnesota","27145","MN","Midwest","West North Central",0.42,65662,32.75,18.07
"374","DeSoto County","Mississippi","28033","MS","South","East South Central",0.4,69657,42.68,21.73
"375","Forrest County","Mississippi","28035","MS","South","East South Central",0.49,33179,54.11,27.16
"376","Jackson County","Mississippi","28059","MS","South","East South Central",0.47,62784,46.61,24.96
"377","Jones County","Mississippi","28067","MS","South","East South Central",0.52,29286,59.54,21.91
"378","Harrison County","Mississippi","28047","MS","South","East South Central",0.46,94603,54.46,30.02
"379","Hinds County","Mississippi","28049","MS","South","East South Central",0.48,104284,49.24,23.91
"380","Madison County","Mississippi","28089","MS","South","East South Central",0.46,44469,48.77,20.49
"381","Rankin County","Mississippi","28121","MS","South","East South Central",0.42,61842,49,19.45
"382","Lauderdale County","Mississippi","28075","MS","South","East South Central",0.54,35399,50.29,34.48
"383","Lee County","Mississippi","28081","MS","South","East South Central",0.49,37123,45.99,25.89
"384","Buchanan County","Missouri","29021","MO","Midwest","West North Central",0.46,38821,47.42,15.68
"385","Cape Girardeau County","Missouri","29031","MO","Midwest","West North Central",0.46,34975,48.75,16.6
"386","St. Louis city","Missouri","29510","MO","Midwest","West North Central",0.49,177403,47,24.94
"387","Cass County","Missouri","29037","MO","Midwest","West North Central",0.41,42878,50.28,19.16
"388","Christian County","Missouri","29043","MO","Midwest","West North Central",0.44,35314,40.38,22.15
"389","Clay County","Missouri","29047","MO","Midwest","West North Central",0.4,99687,45.11,16.84
"390","Cole County","Missouri","29051","MO","Midwest","West North Central",0.43,33624,34.61,11.01
"391","Franklin County","Missouri","29071","MO","Midwest","West North Central",0.4,45888,34.76,18.25
"392","Greene County","Missouri","29077","MO","Midwest","West North Central",0.49,135642,50.73,21.06
"393","Jackson County","Missouri","29095","MO","Midwest","West North Central",0.45,328271,45.67,18.51
"394","Jasper County","Missouri","29097","MO","Midwest","West North Central",0.46,52262,46.02,14.46
"395","Jefferson County","Missouri","29099","MO","Midwest","West North Central",0.38,92137,42.15,18.78
"396","Boone County","Missouri","29019","MO","Midwest","West North Central",0.46,79354,53,19.16
"397","St. Francois County","Missouri","29187","MO","Midwest","West North Central",0.44,30442,50.52,17.15
"398","St. Louis County","Missouri","29189","MO","Midwest","West North Central",0.49,442301,44.24,21.87
"399","Platte County","Missouri","29165","MO","Midwest","West North Central",0.41,42839,37.95,21.13
"400","St. Charles County","Missouri","29183","MO","Midwest","West North Central",0.39,158393,35.42,16.85
"401","Gallatin County","Montana","30031","MT","West","Mountain",0.46,52554,47.47,32
"402","Lewis and Clark County","Montana","30049","MT","West","Mountain",0.47,31943,42.88,25.73
"403","Cascade County","Montana","30013","MT","West","Mountain",0.43,39206,46.85,23.39
"404","Flathead County","Montana","30029","MT","West","Mountain",0.42,49531,31.76,36.04
"405","Missoula County","Montana","30063","MT","West","Mountain",0.46,55544,46.11,31.06
"406","Yellowstone County","Montana","30111","MT","West","Mountain",0.48,73862,48.35,22.65
"407","Sarpy County","Nebraska","31153","NE","Midwest","West North Central",0.39,71061,38.38,15.64
"408","Lancaster County","Nebraska","31109","NE","Midwest","West North Central",0.46,134986,44.28,18.42
"409","Douglas County","Nebraska","31055","NE","Midwest","West North Central",0.45,239728,43.82,19.49
"410","Washoe County","Nevada","32031","NV","West","Mountain",0.47,205417,47.01,24.78
"411","Clark County","Nevada","32003","NV","West","Mountain",0.47,924538,52.69,29.21
"412","Grafton County","New Hampshire","33009","NH","Northeast","New England",0.5,53421,54.35,32.93
"413","Strafford County","New Hampshire","33017","NH","Northeast","New England",0.42,54825,42.37,32.46
"414","Cheshire County","New Hampshire","33005","NH","Northeast","New England",0.41,35887,38.28,29.86
"415","Rockingham County","New Hampshire","33015","NH","Northeast","New England",0.44,134190,48.49,30.4
"416","Hillsborough County","New Hampshire","33011","NH","Northeast","New England",0.42,173309,50.32,25.75
"417","Merrimack County","New Hampshire","33013","NH","Northeast","New England",0.42,65554,40.15,28.99
"418","Hudson County","New Jersey","34017","NJ","Northeast","Middle Atlantic",0.5,286918,44,39.3
"419","Gloucester County","New Jersey","34015","NJ","Northeast","Middle Atlantic",0.42,114447,47.45,24.99
"420","Camden County","New Jersey","34007","NJ","Northeast","Middle Atlantic",0.48,206357,53.41,28.54
"421","Atlantic County","New Jersey","34001","NJ","Northeast","Middle Atlantic",0.5,128930,54.02,40.22
"422","Bergen County","New Jersey","34003","NJ","Northeast","Middle Atlantic",0.47,360816,46.67,31.47
"423","Burlington County","New Jersey","34005","NJ","Northeast","Middle Atlantic",0.43,180471,48.23,27.89
"424","Warren County","New Jersey","34041","NJ","Northeast","Middle Atlantic",0.42,45636,46.41,24.75
"425","Middlesex County","New Jersey","34023","NJ","Northeast","Middle Atlantic",0.43,303426,45.81,30.58
"426","Monmouth County","New Jersey","34025","NJ","Northeast","Middle Atlantic",0.49,262925,52.18,32.43
"427","Hunterdon County","New Jersey","34019","NJ","Northeast","Middle Atlantic",0.45,50563,44.98,28.61
"428","Mercer County","New Jersey","34021","NJ","Northeast","Middle Atlantic",0.51,145125,49.5,30.13
"429","Passaic County","New Jersey","34031","NJ","Northeast","Middle Atlantic",0.45,177260,49.56,39.07
"430","Cape May County","New Jersey","34009","NJ","Northeast","Middle Atlantic",0.46,99634,58.31,37.74
"431","Morris County","New Jersey","34027","NJ","Northeast","Middle Atlantic",0.46,196201,44.34,29.37
"432","Ocean County","New Jersey","34029","NJ","Northeast","Middle Atlantic",0.43,286170,61.11,34.98
"433","Union County","New Jersey","34039","NJ","Northeast","Middle Atlantic",0.49,203054,51.39,36.2
"434","Cumberland County","New Jersey","34011","NJ","Northeast","Middle Atlantic",0.51,56451,56.88,38.8
"435","Essex County","New Jersey","34013","NJ","Northeast","Middle Atlantic",0.54,319686,50.86,39.3
"436","Sussex County","New Jersey","34037","NJ","Northeast","Middle Atlantic",0.4,62623,42.45,31.1
"437","Salem County","New Jersey","34033","NJ","Northeast","Middle Atlantic",0.46,27606,66.74,34.87
"438","Somerset County","New Jersey","34035","NJ","Northeast","Middle Atlantic",0.45,127513,44.03,30.18
"439","Chaves County","New Mexico","35005","NM","West","Mountain",0.47,27480,39.03,29.63
"440","McKinley County","New Mexico","35031","NM","West","Mountain",0.47,26429,32.91,31.16
"441","Bernalillo County","New Mexico","35001","NM","West","Mountain",0.48,296404,48.79,28.13
"442","Santa Fe County","New Mexico","35049","NM","West","Mountain",0.49,73551,44.12,36.64
"443","Otero County","New Mexico","35035","NM","West","Mountain",0.44,31947,46.96,31.93
"444","Doña Ana County","New Mexico","35013","NM","West","Mountain",0.47,89968,50,25.16
"445","Lea County","New Mexico","35025","NM","West","Mountain",0.46,27028,35.73,14.51
"446","Sandoval County","New Mexico","35043","NM","West","Mountain",0.41,58146,51.74,21.67
"447","San Juan County","New Mexico","35045","NM","West","Mountain",0.47,51480,44.4,34.54
"448","Valencia County","New Mexico","35061","NM","West","Mountain",0.44,31576,39.32,27.58
"449","Cayuga County","New York","36011","NY","Northeast","Middle Atlantic",0.45,37247,46.12,23.76
"450","New York County","New York","36061","NY","Northeast","Middle Atlantic",0.59,892878,42.26,23.21
"451","Niagara County","New York","36063","NY","Northeast","Middle Atlantic",0.44,100710,49.53,19.89
"452","Chemung County","New York","36015","NY","Northeast","Middle Atlantic",0.42,39082,45.07,17.18
"453","Clinton County","New York","36019","NY","Northeast","Middle Atlantic",0.5,36835,39.14,21.99
"454","Dutchess County","New York","36027","NY","Northeast","Middle Atlantic",0.47,121574,55.69,26.2
"455","Chautauqua County","New York","36013","NY","Northeast","Middle Atlantic",0.45,67774,51.62,21.13
"456","Jefferson County","New York","36045","NY","Northeast","Middle Atlantic",0.42,60170,42.25,23.27
"457","Kings County","New York","36047","NY","Northeast","Middle Atlantic",0.52,1065399,50.4,45.82
"458","Livingston County","New York","36051","NY","Northeast","Middle Atlantic",0.45,27725,51.51,21.66
"459","Erie County","New York","36029","NY","Northeast","Middle Atlantic",0.46,430736,47.93,18.8
"460","Monroe County","New York","36055","NY","Northeast","Middle Atlantic",0.47,330247,51.92,22.07
"461","Nassau County","New York","36059","NY","Northeast","Middle Atlantic",0.46,474165,51.82,38.42
"462","Saratoga County","New York","36091","NY","Northeast","Middle Atlantic",0.4,108311,38.2,20.61
"463","Schenectady County","New York","36093","NY","Northeast","Middle Atlantic",0.43,70106,49.64,24.42
"464","Steuben County","New York","36101","NY","Northeast","Middle Atlantic",0.45,49801,45.92,22.27
"465","Suffolk County","New York","36103","NY","Northeast","Middle Atlantic",0.45,577512,59.38,36.63
"466","Sullivan County","New York","36105","NY","Northeast","Middle Atlantic",0.44,51270,51.02,28.14
"467","Tompkins County","New York","36109","NY","Northeast","Middle Atlantic",0.54,44634,59.89,25.35
"468","Ulster County","New York","36111","NY","Northeast","Middle Atlantic",0.47,85608,53.61,31.36
"469","Warren County","New York","36113","NY","Northeast","Middle Atlantic",0.44,40285,52.24,22.14
"470","Wayne County","New York","36117","NY","Northeast","Middle Atlantic",0.46,41894,47.91,24.31
"471","Westchester County","New York","36119","NY","Northeast","Middle Atlantic",0.53,377297,51.15,33.2
"472","Madison County","New York","36053","NY","Northeast","Middle Atlantic",0.47,32456,45.63,21.69
"473","Albany County","New York","36001","NY","Northeast","Middle Atlantic",0.45,142892,44.83,21.15
"474","Bronx County","New York","36005","NY","Northeast","Middle Atlantic",0.51,537232,60.59,47.19
"475","Broome County","New York","36007","NY","Northeast","Middle Atlantic",0.46,91408,54.23,23.04
"476","Cattaraugus County","New York","36009","NY","Northeast","Middle Atlantic",0.44,41746,51.93,18.88
"477","Ontario County","New York","36069","NY","Northeast","Middle Atlantic",0.45,51704,36.16,16.9
"478","Orange County","New York","36071","NY","Northeast","Middle Atlantic",0.44,145207,54.65,36.03
"479","Oneida County","New York","36065","NY","Northeast","Middle Atlantic",0.44,105614,43.65,21.41
"480","Onondaga County","New York","36067","NY","Northeast","Middle Atlantic",0.48,209729,49.68,19.41
"481","Queens County","New York","36081","NY","Northeast","Middle Atlantic",0.45,869400,50.53,45.08
"482","Rensselaer County","New York","36083","NY","Northeast","Middle Atlantic",0.41,73425,40.17,21.09
"483","Oswego County","New York","36075","NY","Northeast","Middle Atlantic",0.43,54721,43.9,21.17
"484","Putnam County","New York","36079","NY","Northeast","Middle Atlantic",0.4,38713,42.21,33.26
"485","St. Lawrence County","New York","36089","NY","Northeast","Middle Atlantic",0.46,53481,48.13,24.18
"486","Richmond County","New York","36085","NY","Northeast","Middle Atlantic",0.44,181751,49.07,38.63
"487","Rockland County","New York","36087","NY","Northeast","Middle Atlantic",0.47,107002,57.62,41.38
"488","Cabarrus County","North Carolina","37025","NC","South","South Atlantic",0.44,82526,41.02,21.16
"489","Caldwell County","North Carolina","37027","NC","South","South Atlantic",0.4,38250,44.81,19.05
"490","Wilson County","North Carolina","37195","NC","South","South Atlantic",0.51,36508,51.04,19.53
"491","Alamance County","North Carolina","37001","NC","South","South Atlantic",0.44,72827,45.78,18.2
"492","Brunswick County","North Carolina","37019","NC","South","South Atlantic",0.44,95075,47.18,29.04
"493","Buncombe County","North Carolina","37021","NC","South","South Atlantic",0.46,127972,51.26,25.12
"494","Burke County","North Carolina","37023","NC","South","South Atlantic",0.45,41596,44.65,18.58
"495","Guilford County","North Carolina","37081","NC","South","South Atlantic",0.48,231640,46.54,24.59
"496","Harnett County","North Carolina","37085","NC","South","South Atlantic",0.41,53035,47.44,23.38
"497","Carteret County","North Carolina","37031","NC","South","South Atlantic",0.47,50965,49.17,30.01
"498","Catawba County","North Carolina","37035","NC","South","South Atlantic",0.48,69865,32.54,19.4
"499","Chatham County","North Carolina","37037","NC","South","South Atlantic",0.49,33711,46.59,17.49
"500","Cleveland County","North Carolina","37045","NC","South","South Atlantic",0.49,43767,47.2,17.12
"501","Craven County","North Carolina","37049","NC","South","South Atlantic",0.45,47674,50.81,26.2
"502","Cumberland County","North Carolina","37051","NC","South","South Atlantic",0.45,147313,51.76,30.81
"503","Davidson County","North Carolina","37057","NC","South","South Atlantic",0.43,76055,50.49,20.87
"504","Durham County","North Carolina","37063","NC","South","South Atlantic",0.45,142017,46.23,21.18
"505","Forsyth County","North Carolina","37067","NC","South","South Atlantic",0.49,168793,49.34,24.04
"506","Franklin County","North Carolina","37069","NC","South","South Atlantic",0.37,29726,36.84,23.47
"507","Gaston County","North Carolina","37071","NC","South","South Atlantic",0.45,94975,44.07,18.8
"508","Randolph County","North Carolina","37151","NC","South","South Atlantic",0.41,62925,49.61,20.39
"509","Robeson County","North Carolina","37155","NC","South","South Atlantic",0.5,53384,51.06,32.16
"510","Rockingham County","North Carolina","37157","NC","South","South Atlantic",0.43,44422,44.42,26.83
"511","Rowan County","North Carolina","37159","NC","South","South Atlantic",0.43,62475,41.65,17.11
"512","Rutherford County","North Carolina","37161","NC","South","South Atlantic",0.46,34582,36.32,24.29
"513","Surry County","North Carolina","37171","NC","South","South Atlantic",0.46,34413,50.69,20.87
"514","Union County","North Carolina","37179","NC","South","South Atlantic",0.44,83989,43.79,21.09
"515","Wake County","North Carolina","37183","NC","South","South Atlantic",0.45,453345,44.74,18.56
"516","Wayne County","North Carolina","37191","NC","South","South Atlantic",0.45,54732,41.17,31.06
"517","Wilkes County","North Carolina","37193","NC","South","South Atlantic",0.44,33766,45.27,19.28
"518","New Hanover County","North Carolina","37129","NC","South","South Atlantic",0.48,114839,56.29,28.73
"519","Onslow County","North Carolina","37133","NC","South","South Atlantic",0.45,81065,46.63,32.55
"520","Orange County","North Carolina","37135","NC","South","South Atlantic",0.51,60273,51.89,19.03
"521","Pitt County","North Carolina","37147","NC","South","South Atlantic",0.48,81246,41.01,21.63
"522","Johnston County","North Carolina","37101","NC","South","South Atlantic",0.46,79849,45.97,20.65
"523","Lincoln County","North Carolina","37109","NC","South","South Atlantic",0.44,37525,38.75,14.86
"524","Henderson County","North Carolina","37089","NC","South","South Atlantic",0.43,58811,38.89,25.19
"525","Iredell County","North Carolina","37097","NC","South","South Atlantic",0.45,77436,45.25,23.59
"526","Nash County","North Carolina","37127","NC","South","South Atlantic",0.47,43324,48.5,23.12
"527","Mecklenburg County","North Carolina","37119","NC","South","South Atlantic",0.49,466911,46.06,22.27
"528","Moore County","North Carolina","37125","NC","South","South Atlantic",0.46,48635,40.46,28.11
"529","Burleigh County","North Dakota","38015","ND","Midwest","West North Central",0.46,43430,42.72,19.42
"530","Ward County","North Dakota","38101","ND","Midwest","West North Central",0.41,33171,35.73,17.63
"531","Cass County","North Dakota","38017","ND","Midwest","West North Central",0.47,85442,35.55,12.95
"532","Grand Forks County","North Dakota","38035","ND","Midwest","West North Central",0.45,33501,45.48,20.29
"533","Ashtabula County","Ohio","39007","OH","Midwest","East North Central",0.49,46269,56.05,26.3
"534","Allen County","Ohio","39003","OH","Midwest","East North Central",0.39,45188,40.52,15.76
"535","Geauga County","Ohio","39055","OH","Midwest","East North Central",0.45,37417,43.19,25.58
"536","Greene County","Ohio","39057","OH","Midwest","East North Central",0.45,71313,37.42,19.39
"537","Athens County","Ohio","39009","OH","Midwest","East North Central",0.49,26673,61.21,17.74
"538","Belmont County","Ohio","39013","OH","Midwest","East North Central",0.44,32238,44.76,11.54
"539","Butler County","Ohio","39017","OH","Midwest","East North Central",0.44,153241,44.18,17.44
"540","Clark County","Ohio","39023","OH","Midwest","East North Central",0.44,61253,46.81,21.75
"541","Clermont County","Ohio","39025","OH","Midwest","East North Central",0.44,84146,35.38,20.83
"542","Columbiana County","Ohio","39029","OH","Midwest","East North Central",0.4,46850,38.92,21.85
"543","Cuyahoga County","Ohio","39035","OH","Midwest","East North Central",0.5,617249,46.27,22.91
"544","Delaware County","Ohio","39041","OH","Midwest","East North Central",0.42,76147,43.59,17.96
"545","Erie County","Ohio","39043","OH","Midwest","East North Central",0.47,37897,40.71,19.23
"546","Fairfield County","Ohio","39045","OH","Midwest","East North Central",0.42,62201,39.84,20.97
"547","Franklin County","Ohio","39049","OH","Midwest","East North Central",0.46,564325,41.54,20.19
"548","Montgomery County","Ohio","39113","OH","Midwest","East North Central",0.46,255104,43.1,19.46
"549","Muskingum County","Ohio","39119","OH","Midwest","East North Central",0.43,37956,46.52,24.05
"550","Portage County","Ohio","39133","OH","Midwest","East North Central",0.44,69752,56.71,17.45
"551","Richland County","Ohio","39139","OH","Midwest","East North Central",0.44,54113,37.12,18.37
"552","Ross County","Ohio","39141","OH","Midwest","East North Central",0.46,32019,42.62,16.58
"553","Scioto County","Ohio","39145","OH","Midwest","East North Central",0.44,34575,41.12,17.23
"554","Stark County","Ohio","39151","OH","Midwest","East North Central",0.44,167205,39.56,19.42
"555","Summit County","Ohio","39153","OH","Midwest","East North Central",0.49,246432,46.18,19.33
"556","Trumbull County","Ohio","39155","OH","Midwest","East North Central",0.47,95617,47.09,19.43
"557","Tuscarawas County","Ohio","39157","OH","Midwest","East North Central",0.42,40237,45,20.9
"558","Warren County","Ohio","39165","OH","Midwest","East North Central",0.44,89763,32.37,15.68
"559","Wayne County","Ohio","39169","OH","Midwest","East North Central",0.42,46948,36.47,17.64
"560","Wood County","Ohio","39173","OH","Midwest","East North Central",0.44,54130,39.45,18.39
"561","Miami County","Ohio","39109","OH","Midwest","East North Central",0.43,44405,47.36,15.8
"562","Jefferson County","Ohio","39081","OH","Midwest","East North Central",0.44,32408,42.32,15.7
"563","Lake County","Ohio","39085","OH","Midwest","East North Central",0.4,103493,42.09,22.94
"564","Hamilton County","Ohio","39061","OH","Midwest","East North Central",0.5,380769,47.02,21
"565","Hancock County","Ohio","39063","OH","Midwest","East North Central",0.46,34559,44.27,12.84
"566","Lucas County","Ohio","39095","OH","Midwest","East North Central",0.49,203798,44.99,21.63
"567","Mahoning County","Ohio","39099","OH","Midwest","East North Central",0.46,111236,50.22,20.65
"568","Licking County","Ohio","39089","OH","Midwest","East North Central",0.45,71200,40.62,20.87
"569","Lorain County","Ohio","39093","OH","Midwest","East North Central",0.46,132798,49.14,19.72
"570","Marion County","Ohio","39101","OH","Midwest","East North Central",0.5,27880,51.24,16.51
"571","Medina County","Ohio","39103","OH","Midwest","East North Central",0.42,73567,34.49,16.42
"572","Cleveland County","Oklahoma","40027","OK","South","West South Central",0.44,117076,46.7,18.64
"573","Comanche County","Oklahoma","40031","OK","South","West South Central",0.43,51644,42.82,15.2
"574","Canadian County","Oklahoma","40017","OK","South","West South Central",0.39,49459,35.97,17.63
"575","Oklahoma County","Oklahoma","40109","OK","South","West South Central",0.5,343971,46.07,20.89
"576","Payne County","Oklahoma","40119","OK","South","West South Central",0.49,36859,61.93,24.74
"577","Creek County","Oklahoma","40037","OK","South","West South Central",0.44,30771,30.88,25.43
"578","Muskogee County","Oklahoma","40101","OK","South","West South Central",0.51,30953,40.79,23.09
"579","Tulsa County","Oklahoma","40143","OK","South","West South Central",0.5,285858,45.5,20.84
"580","Wagoner County","Oklahoma","40145","OK","South","West South Central",0.43,33203,50.29,16.34
"581","Pottawatomie County","Oklahoma","40125","OK","South","West South Central",0.46,29945,39.9,20.74
"582","Rogers County","Oklahoma","40131","OK","South","West South Central",0.41,38965,39.08,21.1
"583","Douglas County","Oregon","41019","OR","West","Pacific",0.41,50970,39.62,27.49
"584","Jackson County","Oregon","41029","OR","West","Pacific",0.45,97266,52,29.7
"585","Benton County","Oregon","41003","OR","West","Pacific",0.45,39105,55.69,24.15
"586","Clackamas County","Oregon","41005","OR","West","Pacific",0.44,170724,58.84,26.34
"587","Deschutes County","Oregon","41017","OR","West","Pacific",0.44,92795,43.94,35.92
"588","Yamhill County","Oregon","41071","OR","West","Pacific",0.4,39899,47.95,27.41
"589","Klamath County","Oregon","41035","OR","West","Pacific",0.45,33876,40.29,25.45
"590","Lane County","Oregon","41039","OR","West","Pacific",0.47,164847,51.2,28.38
"591","Linn County","Oregon","41043","OR","West","Pacific",0.4,51398,41.12,29.64
"592","Josephine County","Oregon","41033","OR","West","Pacific",0.43,39641,57.8,45.03
"593","Multnomah County","Oregon","41051","OR","West","Pacific",0.46,359778,49.36,29.82
"594","Polk County","Oregon","41053","OR","West","Pacific",0.4,32957,50.72,26.17
"595","Umatilla County","Oregon","41059","OR","West","Pacific",0.42,30919,42,14.77
"596","Marion County","Oregon","41047","OR","West","Pacific",0.41,128622,47.27,31.76
"597","Washington County","Oregon","41067","OR","West","Pacific",0.43,234162,46.36,25.04
"598","Armstrong County","Pennsylvania","42005","PA","Northeast","Middle Atlantic",0.41,32841,31.71,19.02
"599","Beaver County","Pennsylvania","42007","PA","Northeast","Middle Atlantic",0.43,79793,45,21.07
"600","Berks County","Pennsylvania","42011","PA","Northeast","Middle Atlantic",0.43,167853,42.64,22.67
"601","Allegheny County","Pennsylvania","42003","PA","Northeast","Middle Atlantic",0.48,604258,41.27,17.87
"602","Cumberland County","Pennsylvania","42041","PA","Northeast","Middle Atlantic",0.43,107909,36.76,19.53
"603","Dauphin County","Pennsylvania","42043","PA","Northeast","Middle Atlantic",0.46,125437,43.75,24.03
"604","Delaware County","Pennsylvania","42045","PA","Northeast","Middle Atlantic",0.49,225035,47.47,28.78
"605","Blair County","Pennsylvania","42013","PA","Northeast","Middle Atlantic",0.44,57027,53.1,18.19
"606","Bucks County","Pennsylvania","42017","PA","Northeast","Middle Atlantic",0.44,252261,49.13,26.85
"607","Butler County","Pennsylvania","42019","PA","Northeast","Middle Atlantic",0.46,84873,43.63,20.75
"608","Cambria County","Pennsylvania","42021","PA","Northeast","Middle Atlantic",0.45,66047,48.45,17.21
"609","Carbon County","Pennsylvania","42025","PA","Northeast","Middle Atlantic",0.44,34883,36.33,24.53
"610","Centre County","Pennsylvania","42027","PA","Northeast","Middle Atlantic",0.47,67398,54.55,22.12
"611","Chester County","Pennsylvania","42029","PA","Northeast","Middle Atlantic",0.48,203159,44.27,22.61
"612","Clearfield County","Pennsylvania","42033","PA","Northeast","Middle Atlantic",0.4,39357,59.5,19.77
"613","Columbia County","Pennsylvania","42037","PA","Northeast","Middle Atlantic",0.45,30425,46.02,22.79
"614","Crawford County","Pennsylvania","42039","PA","Northeast","Middle Atlantic",0.41,45002,39.97,19.54
"615","Lycoming County","Pennsylvania","42081","PA","Northeast","Middle Atlantic",0.45,53642,51.23,22.57
"616","Mercer County","Pennsylvania","42085","PA","Northeast","Middle Atlantic",0.41,52408,40.65,14.45
"617","Monroe County","Pennsylvania","42089","PA","Northeast","Middle Atlantic",0.44,81829,57.67,33.32
"618","Erie County","Pennsylvania","42049","PA","Northeast","Middle Atlantic",0.45,121858,48.4,21.17
"619","Fayette County","Pennsylvania","42051","PA","Northeast","Middle Atlantic",0.48,64082,43.36,18.98
"620","Franklin County","Pennsylvania","42055","PA","Northeast","Middle Atlantic",0.4,66183,45.22,19.36
"621","Indiana County","Pennsylvania","42063","PA","Northeast","Middle Atlantic",0.44,39031,34.54,19.76
"622","Lackawanna County","Pennsylvania","42069","PA","Northeast","Middle Atlantic",0.46,100864,46.04,24.4
"623","Lancaster County","Pennsylvania","42071","PA","Northeast","Middle Atlantic",0.45,213312,47.78,26.53
"624","Lawrence County","Pennsylvania","42073","PA","Northeast","Middle Atlantic",0.45,41361,49.87,20.68
"625","Lebanon County","Pennsylvania","42075","PA","Northeast","Middle Atlantic",0.4,58254,49.63,24.22
"626","Lehigh County","Pennsylvania","42077","PA","Northeast","Middle Atlantic",0.45,147112,53.01,21.96
"627","Luzerne County","Pennsylvania","42079","PA","Northeast","Middle Atlantic",0.44,150496,42.86,22.88
"628","Adams County","Pennsylvania","42001","PA","Northeast","Middle Atlantic",0.42,42756,37.55,27.26
"629","Northampton County","Pennsylvania","42095","PA","Northeast","Middle Atlantic",0.43,123892,48.64,22.55
"630","Northumberland County","Pennsylvania","42097","PA","Northeast","Middle Atlantic",0.41,45625,35.97,22.06
"631","Philadelphia County","Pennsylvania","42101","PA","Northeast","Middle Atlantic",0.53,691633,54.74,33.5
"632","Montgomery County","Pennsylvania","42091","PA","Northeast","Middle Atlantic",0.46,338485,46.1,21.49
"633","Somerset County","Pennsylvania","42111","PA","Northeast","Middle Atlantic",0.41,38585,49.45,19.03
"634","Washington County","Pennsylvania","42125","PA","Northeast","Middle Atlantic",0.46,96616,39.27,21.02
"635","Westmoreland County","Pennsylvania","42129","PA","Northeast","Middle Atlantic",0.45,170864,45.43,17.85
"636","Schuylkill County","Pennsylvania","42107","PA","Northeast","Middle Atlantic",0.42,70013,40.33,19.33
"637","York County","Pennsylvania","42133","PA","Northeast","Middle Atlantic",0.42,185661,48.64,22.09
"638","Providence County","Rhode Island","44007","RI","Northeast","New England",0.46,266804,48.8,31.1
"639","Washington County","Rhode Island","44009","RI","Northeast","New England",0.44,64706,55.17,26.51
"640","Kent County","Rhode Island","44003","RI","Northeast","New England",0.42,74651,44.82,27.17
"641","Newport County","Rhode Island","44005","RI","Northeast","New England",0.5,42779,48.97,33.47
"642","Aiken County","South Carolina","45003","SC","South","South Atlantic",0.44,78520,56.66,22.26
"643","Lancaster County","South Carolina","45057","SC","South","South Atlantic",0.46,39578,38.39,24.45
"644","Laurens County","South Carolina","45059","SC","South","South Atlantic",0.51,31734,48.23,26.75
"645","Anderson County","South Carolina","45007","SC","South","South Atlantic",0.47,89884,41.43,16.59
"646","Beaufort County","South Carolina","45013","SC","South","South Atlantic",0.49,102705,46.6,33.36
"647","Berkeley County","South Carolina","45015","SC","South","South Atlantic",0.44,88357,46.02,23.56
"648","Charleston County","South Carolina","45019","SC","South","South Atlantic",0.49,195149,46.63,24.87
"649","Darlington County","South Carolina","45031","SC","South","South Atlantic",0.47,31013,62.88,25.33
"650","Dorchester County","South Carolina","45035","SC","South","South Atlantic",0.4,62360,47.12,26.23
"651","Florence County","South Carolina","45041","SC","South","South Atlantic",0.47,61819,45.72,23
"652","Greenville County","South Carolina","45045","SC","South","South Atlantic",0.47,218206,41.72,19.13
"653","Greenwood County","South Carolina","45047","SC","South","South Atlantic",0.48,31585,41.21,28.11
"654","Horry County","South Carolina","45051","SC","South","South Atlantic",0.43,214832,50.12,29.98
"655","Kershaw County","South Carolina","45055","SC","South","South Atlantic",0.45,29693,50.07,24.13
"656","Orangeburg County","South Carolina","45075","SC","South","South Atlantic",0.5,42938,58.08,36.67
"657","Pickens County","South Carolina","45077","SC","South","South Atlantic",0.44,55596,45.8,17.65
"658","Lexington County","South Carolina","45063","SC","South","South Atlantic",0.46,127977,51.9,21.5
"659","Oconee County","South Carolina","45073","SC","South","South Atlantic",0.5,41192,60.14,21.38
"660","Sumter County","South Carolina","45085","SC","South","South Atlantic",0.44,48613,39.43,24.21
"661","York County","South Carolina","45091","SC","South","South Atlantic",0.45,112633,44.64,17.86
"662","Richland County","South Carolina","45079","SC","South","South Atlantic",0.49,177353,52.55,23.03
"663","Spartanburg County","South Carolina","45083","SC","South","South Atlantic",0.45,134023,48.98,19.73
"664","Minnehaha County","South Dakota","46099","SD","Midwest","West North Central",0.42,85661,37.84,18.06
"665","Pennington County","South Dakota","46103","SD","Midwest","West North Central",0.45,49777,49.5,27.83
"666","Blount County","Tennessee","47009","TN","South","East South Central",0.43,58942,45.54,22.98
"667","Bradley County","Tennessee","47011","TN","South","East South Central",0.43,44532,47.01,15.01
"668","Anderson County","Tennessee","47001","TN","South","East South Central",0.44,35143,37.61,24.03
"669","Shelby County","Tennessee","47157","TN","South","East South Central",0.52,407273,52.31,24.44
"670","Sullivan County","Tennessee","47163","TN","South","East South Central",0.46,75905,45.41,20
"671","Sumner County","Tennessee","47165","TN","South","East South Central",0.44,75354,39.79,25.36
"672","Washington County","Tennessee","47179","TN","South","East South Central",0.5,61196,48.15,13.66
"673","Williamson County","Tennessee","47187","TN","South","East South Central",0.45,87541,47.03,24.14
"674","Wilson County","Tennessee","47189","TN","South","East South Central",0.42,56410,46.77,20.98
"675","Knox County","Tennessee","47093","TN","South","East South Central",0.48,210085,48.36,19.42
"676","Madison County","Tennessee","47113","TN","South","East South Central",0.43,43498,54.81,25.35
"677","Maury County","Tennessee","47119","TN","South","East South Central",0.4,39259,38.84,23.44
"678","Montgomery County","Tennessee","47125","TN","South","East South Central",0.41,84148,42.08,23.92
"679","Putnam County","Tennessee","47141","TN","South","East South Central",0.46,35344,49.86,20.15
"680","Robertson County","Tennessee","47147","TN","South","East South Central",0.42,28034,36.06,24.99
"681","Rutherford County","Tennessee","47149","TN","South","East South Central",0.4,125447,45.43,23.7
"682","Sevier County","Tennessee","47155","TN","South","East South Central",0.45,58720,41.02,27.87
"683","Hamilton County","Tennessee","47065","TN","South","East South Central",0.47,165494,48.93,23.01
"684","Davidson County","Tennessee","47037","TN","South","East South Central",0.48,325454,46.78,24.21
"685","Greene County","Tennessee","47059","TN","South","East South Central",0.46,32775,29.32,20.63
"686","Comal County","Texas","48091","TX","South","West South Central",0.44,63391,40.27,20.67
"687","Collin County","Texas","48085","TX","South","West South Central",0.43,390216,46.23,27.65
"688","Angelina County","Texas","48005","TX","South","West South Central",0.4,37250,47.85,22.24
"689","Bastrop County","Texas","48021","TX","South","West South Central",0.47,31090,55.08,40.18
"690","Bell County","Texas","48027","TX","South","West South Central",0.46,144240,49.17,25.16
"691","Bexar County","Texas","48029","TX","South","West South Central",0.46,705038,49.64,29.34
"692","Bowie County","Texas","48037","TX","South","West South Central",0.5,40202,46.47,22.19
"693","Brazoria County","Texas","48039","TX","South","West South Central",0.42,142608,46.94,22.94
"694","Brazos County","Texas","48041","TX","South","West South Central",0.5,94330,56.21,29.86
"695","Cameron County","Texas","48061","TX","South","West South Central",0.47,154019,55.11,30.76
"696","Harris County","Texas","48201","TX","South","West South Central",0.5,1818111,51.06,25.9
"697","Harrison County","Texas","48203","TX","South","West South Central",0.51,28986,43.04,11.97
"698","Coryell County","Texas","48099","TX","South","West South Central",0.43,27089,42.27,29.7
"699","Dallas County","Texas","48113","TX","South","West South Central",0.5,1041775,45.8,31.76
"700","Denton County","Texas","48121","TX","South","West South Central",0.43,329454,44.6,23.61
"701","Ector County","Texas","48135","TX","South","West South Central",0.42,59594,41.9,30.17
"702","Ellis County","Texas","48139","TX","South","West South Central",0.41,65940,55.87,21.93
"703","El Paso County","Texas","48141","TX","South","West South Central",0.45,301462,50.58,29.12
"704","Fort Bend County","Texas","48157","TX","South","West South Central",0.43,269362,49.56,26.69
"705","Galveston County","Texas","48167","TX","South","West South Central",0.45,150366,49,25.8
"706","Grayson County","Texas","48181","TX","South","West South Central",0.45,57446,46.94,31.1
"707","Gregg County","Texas","48183","TX","South","West South Central",0.47,52438,43.64,25.18
"708","Guadalupe County","Texas","48187","TX","South","West South Central",0.38,61312,35.09,23.01
"709","Montgomery County","Texas","48339","TX","South","West South Central",0.46,229697,42.63,24.53
"710","Nacogdoches County","Texas","48347","TX","South","West South Central",0.48,28608,50.51,19.13
"711","Nueces County","Texas","48355","TX","South","West South Central",0.44,150852,50.32,27.66
"712","Orange County","Texas","48361","TX","South","West South Central",0.42,38335,44.02,9.16
"713","Parker County","Texas","48367","TX","South","West South Central",0.42,51533,46.12,25.65
"714","Potter County","Texas","48375","TX","South","West South Central",0.46,50436,51.67,38.65
"715","Randall County","Texas","48381","TX","South","West South Central",0.44,55498,37.7,20.18
"716","Rockwall County","Texas","48397","TX","South","West South Central",0.4,37226,40.92,24.48
"717","San Patricio County","Texas","48409","TX","South","West South Central",0.47,28847,50.35,18.3
"718","Smith County","Texas","48423","TX","South","West South Central",0.45,91845,45.06,27.2
"719","Tarrant County","Texas","48439","TX","South","West South Central",0.46,791743,49.34,26.44
"720","Taylor County","Texas","48441","TX","South","West South Central",0.46,57952,45.47,27.35
"721","Tom Green County","Texas","48451","TX","South","West South Central",0.46,48907,47.47,20.95
"722","Travis County","Texas","48453","TX","South","West South Central",0.48,545693,45.21,28.13
"723","Victoria County","Texas","48469","TX","South","West South Central",0.46,37289,41.77,20.13
"724","Walker County","Texas","48471","TX","South","West South Central",0.44,27058,63.37,27.28
"725","Webb County","Texas","48479","TX","South","West South Central",0.45,85812,47.43,30.36
"726","Wichita County","Texas","48485","TX","South","West South Central",0.44,56200,43.95,22.07
"727","Williamson County","Texas","48491","TX","South","West South Central",0.39,205609,47.11,22.46
"728","Wise County","Texas","48497","TX","South","West South Central",0.41,25166,34.44,31.98
"729","Hunt County","Texas","48231","TX","South","West South Central",0.43,38399,46.77,26.4
"730","Jefferson County","Texas","48245","TX","South","West South Central",0.47,109133,42.33,22.24
"731","Johnson County","Texas","48251","TX","South","West South Central",0.41,63667,50.85,20.79
"732","Kaufman County","Texas","48257","TX","South","West South Central",0.39,43485,49.35,27.24
"733","Liberty County","Texas","48291","TX","South","West South Central",0.47,32718,54.32,25.03
"734","Lubbock County","Texas","48303","TX","South","West South Central",0.47,130773,51.46,22.65
"735","McLennan County","Texas","48309","TX","South","West South Central",0.46,103176,56.85,27.77
"736","Midland County","Texas","48329","TX","South","West South Central",0.45,63185,49.54,29.19
"737","Hidalgo County","Texas","48215","TX","South","West South Central",0.48,285975,51.62,32.07
"738","Hays County","Texas","48209","TX","South","West South Central",0.44,84560,60.07,21.75
"739","Henderson County","Texas","48213","TX","South","West South Central",0.49,41902,50.48,23.67
"740","Cache County","Utah","49005","UT","West","Mountain",0.42,43169,48.32,21.89
"741","Tooele County","Utah","49045","UT","West","Mountain",0.33,23163,24.19,21.08
"742","Utah County","Utah","49049","UT","West","Mountain",0.42,186554,49.47,24.32
"743","Davis County","Utah","49011","UT","West","Mountain",0.38,112482,37.91,20.9
"744","Salt Lake County","Utah","49035","UT","West","Mountain",0.43,411472,44.96,24.73
"745","Washington County","Utah","49053","UT","West","Mountain",0.46,74129,37.42,33.66
"746","Weber County","Utah","49057","UT","West","Mountain",0.4,94283,43.43,24.74
"747","Chittenden County","Vermont","50007","VT","Northeast","New England",0.44,71291,60.87,20.32
"748","Albemarle County","Virginia","51003","VA","South","South Atlantic",0.46,47081,41.95,21.71
"749","Arlington County","Virginia","51013","VA","South","South Atlantic",0.46,118880,37.79,17.69
"750","Portsmouth city","Virginia","51740","VA","South","South Atlantic",0.46,40907,46.7,30.36
"751","Prince William County","Virginia","51153","VA","South","South Atlantic",0.4,151729,50.1,30.93
"752","Roanoke County","Virginia","51161","VA","South","South Atlantic",0.43,41096,45.49,16.71
"753","Rockingham County","Virginia","51165","VA","South","South Atlantic",0.41,36163,28.95,20.16
"754","Spotsylvania County","Virginia","51177","VA","South","South Atlantic",0.41,49599,51.49,18.76
"755","Stafford County","Virginia","51179","VA","South","South Atlantic",0.37,51376,45.23,20.28
"756","York County","Virginia","51199","VA","South","South Atlantic",0.41,28522,47.52,24.43
"757","Alexandria city","Virginia","51510","VA","South","South Atlantic",0.45,76415,38.87,20.81
"758","Chesapeake city","Virginia","51550","VA","South","South Atlantic",0.43,92600,54.62,28.18
"759","Hampton city","Virginia","51650","VA","South","South Atlantic",0.44,60129,48.79,29.27
"760","Lynchburg city","Virginia","51680","VA","South","South Atlantic",0.43,32533,37.93,19.66
"761","Newport News city","Virginia","51700","VA","South","South Atlantic",0.46,77926,49.96,37
"762","Norfolk city","Virginia","51710","VA","South","South Atlantic",0.47,98455,49.35,33.16
"763","Loudoun County","Virginia","51107","VA","South","South Atlantic",0.39,139974,40.46,20.14
"764","Richmond city","Virginia","51760","VA","South","South Atlantic",0.56,101245,51.59,27.89
"765","Roanoke city","Virginia","51770","VA","South","South Atlantic",0.49,46942,50.14,26.16
"766","Suffolk city","Virginia","51800","VA","South","South Atlantic",0.43,37955,53.88,24.48
"767","Virginia Beach city","Virginia","51810","VA","South","South Atlantic",0.41,186464,43.08,29.89
"768","Bedford County","Virginia","51019","VA","South","South Atlantic",0.46,37040,48.28,18.17
"769","Chesterfield County","Virginia","51041","VA","South","South Atlantic",0.41,134267,55.47,23.91
"770","Fairfax County","Virginia","51059","VA","South","South Atlantic",0.43,416058,45.3,24.92
"771","Fauquier County","Virginia","51061","VA","South","South Atlantic",0.42,27398,43.07,28.28
"772","Frederick County","Virginia","51069","VA","South","South Atlantic",0.38,35450,32.6,14.39
"773","Hanover County","Virginia","51085","VA","South","South Atlantic",0.4,42264,45.49,22.01
"774","Henrico County","Virginia","51087","VA","South","South Atlantic",0.47,139274,51.82,21.76
"775","James City County","Virginia","51095","VA","South","South Atlantic",0.38,34135,41.38,17.08
"776","Augusta County","Virginia","51015","VA","South","South Atlantic",0.37,32851,28.36,27.42
"777","Montgomery County","Virginia","51121","VA","South","South Atlantic",0.48,41053,46.79,13.86
"778","Kitsap County","Washington","53035","WA","West","Pacific",0.4,114920,50.77,29.27
"779","Lewis County","Washington","53041","WA","West","Pacific",0.42,35686,44.61,29.58
"780","Benton County","Washington","53005","WA","West","Pacific",0.42,78624,46.15,19.78
"781","Chelan County","Washington","53007","WA","West","Pacific",0.47,38644,46.48,28.64
"782","Clallam County","Washington","53009","WA","West","Pacific",0.41,37728,43.31,26.79
"783","Clark County","Washington","53011","WA","West","Pacific",0.42,189583,49.54,28.07
"784","Cowlitz County","Washington","53015","WA","West","Pacific",0.45,45282,49.04,32.15
"785","Franklin County","Washington","53021","WA","West","Pacific",0.41,29240,46.31,26.27
"786","Grant County","Washington","53025","WA","West","Pacific",0.42,38512,42.78,25.07
"787","Grays Harbor County","Washington","53027","WA","West","Pacific",0.44,36907,42.01,31.46
"788","Island County","Washington","53029","WA","West","Pacific",0.41,42650,58.26,38.6
"789","King County","Washington","53033","WA","West","Pacific",0.47,970301,45.1,28.13
"790","Pierce County","Washington","53053","WA","West","Pacific",0.41,356273,51.02,29.81
"791","Skagit County","Washington","53057","WA","West","Pacific",0.42,54914,44.93,32.55
"792","Snohomish County","Washington","53061","WA","West","Pacific",0.41,318057,51.44,29.16
"793","Mason County","Washington","53045","WA","West","Pacific",0.42,33987,32.16,30.62
"794","Thurston County","Washington","53067","WA","West","Pacific",0.42,119558,55.93,26.1
"795","Whatcom County","Washington","53073","WA","West","Pacific",0.42,99210,51.64,33.2
"796","Yakima County","Washington","53077","WA","West","Pacific",0.43,89762,47.54,28.14
"797","Spokane County","Washington","53063","WA","West","Pacific",0.46,223079,44.54,26.86
"798","Monongalia County","West Virginia","54061","WV","South","South Atlantic",0.51,45210,53.59,18.23
"799","Raleigh County","West Virginia","54081","WV","South","South Atlantic",0.47,36148,43.47,14.84
"800","Wood County","West Virginia","54107","WV","South","South Atlantic",0.47,40283,48.57,23.54
"801","Kanawha County","West Virginia","54039","WV","South","South Atlantic",0.48,92165,40.01,20.68
"802","Harrison County","West Virginia","54033","WV","South","South Atlantic",0.42,31812,31.26,13.05
"803","Berkeley County","West Virginia","54003","WV","South","South Atlantic",0.41,50333,35.89,29.33
"804","Cabell County","West Virginia","54011","WV","South","South Atlantic",0.49,46301,59.4,17.68
"805","Marathon County","Wisconsin","55073","WI","Midwest","East North Central",0.42,59940,40.25,17.06
"806","Milwaukee County","Wisconsin","55079","WI","Midwest","East North Central",0.46,420162,47.66,24.21
"807","Outagamie County","Wisconsin","55087","WI","Midwest","East North Central",0.4,78201,34.71,16.7
"808","La Crosse County","Wisconsin","55063","WI","Midwest","East North Central",0.44,51026,44.35,22.82
"809","Manitowoc County","Wisconsin","55071","WI","Midwest","East North Central",0.41,37657,32.47,17.6
"810","Wood County","Wisconsin","55141","WI","Midwest","East North Central",0.45,35488,41.97,16.3
"811","Dane County","Wisconsin","55025","WI","Midwest","East North Central",0.44,239841,43.75,19.81
"812","Dodge County","Wisconsin","55027","WI","Midwest","East North Central",0.39,38072,37.42,26.83
"813","Ozaukee County","Wisconsin","55089","WI","Midwest","East North Central",0.47,37989,32.82,15.36
"814","Brown County","Wisconsin","55009","WI","Midwest","East North Central",0.43,111216,41.09,16.24
"815","Jefferson County","Wisconsin","55055","WI","Midwest","East North Central",0.39,36162,38.4,23.47
"816","Kenosha County","Wisconsin","55059","WI","Midwest","East North Central",0.41,70872,45.99,25.6
"817","Eau Claire County","Wisconsin","55035","WI","Midwest","East North Central",0.43,44775,38.58,19.55
"818","Fond du Lac County","Wisconsin","55039","WI","Midwest","East North Central",0.39,45556,37.37,15.57
"819","Portage County","Wisconsin","55097","WI","Midwest","East North Central",0.46,31240,39.99,16.84
"820","Racine County","Wisconsin","55101","WI","Midwest","East North Central",0.44,83140,48.24,21.95
"821","Waukesha County","Wisconsin","55133","WI","Midwest","East North Central",0.44,167953,39.66,19.33
"822","Winnebago County","Wisconsin","55139","WI","Midwest","East North Central",0.43,76303,41.01,16.52
"823","Sheboygan County","Wisconsin","55117","WI","Midwest","East North Central",0.41,51436,31.51,21.2
"824","Walworth County","Wisconsin","55127","WI","Midwest","East North Central",0.45,52946,44.03,29.7
"825","Rock County","Wisconsin","55105","WI","Midwest","East North Central",0.4,69436,43.11,24.27
"826","St. Croix County","Wisconsin","55109","WI","Midwest","East North Central",0.4,36822,49.4,24.05
"827","Washington County","Wisconsin","55131","WI","Midwest","East North Central",0.38,57523,34.14,20.07
"828","Natrona County","Wyoming","56025","WY","West","Mountain",0.41,37354,43.38,27.59
"829","Laramie County","Wyoming","56021","WY","West","Mountain",0.48,44388,48.9,20.38
